{"name":"23edce1b-7917-4241-8c43-f4f42ca71c2a","id":"/providers/Microsoft.Flow/flows/23edce1b-7917-4241-8c43-f4f42ca71c2a","type":"Microsoft.Flow/flows","properties":{"apiId":"/providers/Microsoft.PowerApps/apis/shared_logicflows","displayName":"CovidUpdates","definition":{"metadata":{"workflowEntityId":null,"creator":{"id":"42fd7acc-1cb5-4e39-b560-968a60819601","type":"User","tenantId":"4ddd393a-e98a-4404-841f-c4becdd925a5"},"provisioningMethod":"FromDefinition","failureAlertSubscription":true,"clientLastModifiedTime":"2020-06-09T06:04:27.6064256Z"},"$schema":"https://schema.management.azure.com/providers/Microsoft.Logic/schemas/2016-06-01/workflowdefinition.json#","contentVersion":"1.0.0.0","parameters":{"$connections":{"defaultValue":{},"type":"Object"},"$authentication":{"defaultValue":{},"type":"SecureObject"}},"triggers":{"Recurrence":{"recurrence":{"frequency":"Day","interval":1,"timeZone":"Pacific Standard Time","schedule":{"hours":["8"],"minutes":[0]}},"type":"Recurrence"}},"actions":{"Returns_the_summary_of_the_situation_of_Covid-19_across_the_globe":{"runAfter":{},"metadata":{"flowSystemMetadata":{"swaggerOperationId":"FetchCovidData"}},"type":"ApiConnection","inputs":{"host":{"connection":{"name":"@parameters('$connections')['shared_covid19connector-5fc83b4771db7d6ee9-5f10bce61649eda6e9']['connectionId']"},"api":{"runtimeUrl":"https://flow-apim-msmanaged-na-centralus-01.azure-apim.net/apim/covid19connector-5fc83b4771db7d6ee9-5f10bce61649eda6e9"}},"method":"get","path":"/summary","authentication":"@parameters('$authentication')"}},"Parse_JSON":{"runAfter":{"Returns_the_summary_of_the_situation_of_Covid-19_across_the_globe":["Succeeded"]},"type":"ParseJson","inputs":{"content":"@body('Returns_the_summary_of_the_situation_of_Covid-19_across_the_globe')","schema":{"type":"object","properties":{"Global":{"type":"object","properties":{"NewConfirmed":{"type":"integer"},"TotalConfirmed":{"type":"integer"},"NewDeaths":{"type":"integer"},"TotalDeaths":{"type":"integer"},"NewRecovered":{"type":"integer"},"TotalRecovered":{"type":"integer"}}},"Countries":{"type":"array","items":{"type":"object","properties":{"Country":{"type":"string"},"CountryCode":{"type":"string"},"Slug":{"type":"string"},"NewConfirmed":{"type":"integer"},"TotalConfirmed":{"type":"integer"},"NewDeaths":{"type":"integer"},"TotalDeaths":{"type":"integer"},"NewRecovered":{"type":"integer"},"TotalRecovered":{"type":"integer"},"Date":{"type":"string"}},"required":["Country","CountryCode","Slug","NewConfirmed","TotalConfirmed","NewDeaths","TotalDeaths","NewRecovered","TotalRecovered","Date"]}},"Date":{"type":"string"}}}}},"Post_a_message_(V3)":{"runAfter":{"Parse_JSON":["Succeeded"]},"metadata":{"flowSystemMetadata":{"swaggerOperationId":"PostMessageToChannelV3"}},"type":"ApiConnection","inputs":{"host":{"connection":{"name":"@parameters('$connections')['shared_teams']['connectionId']"},"api":{"runtimeUrl":"https://flow-apim-msmanaged-na-northcentralus-01.azure-apim.net/apim/teams"}},"method":"post","body":{"body":{"content":"<p>Hey, Good Morning!!<br>\nBelow are today's Covid statistics.<br>\n<br>\nGlobal Data:<br>\nNew Cases: @{body('Parse_JSON')?['Global']?['NewConfirmed']}<br>\nNew Deaths: @{body('Parse_JSON')?['Global']?['NewDeaths']}<br>\nNew Recoveries: @{body('Parse_JSON')?['Global']?['NewRecovered']}<br>\n<br>\nRegards,<br>\nSandeep Adode</p>","contentType":"html"}},"path":"/v3/beta/teams/@{encodeURIComponent('02bdb67e-5788-496e-a68a-afe950ae849e')}/channels/@{encodeURIComponent('19:c648b26e81b940329c1faffd3041aa84@thread.tacv2')}/messages","authentication":"@parameters('$authentication')"}}}},"connectionReferences":{"shared_covid19connector-5fc83b4771db7d6ee9-5f10bce61649eda6e9":{"connectionName":"a62f7be7-0604-40e1-bea6-c879-46167dbb","source":"Embedded","id":"/providers/Microsoft.PowerApps/apis/shared_covid19connector-5fc83b4771db7d6ee9-5f10bce61649eda6e9","tier":"NotSpecified"},"shared_teams":{"connectionName":"shared-teams-0ffeb8a4-ad21-4e72-a76b-51ced8b97655","source":"Embedded","id":"/providers/Microsoft.PowerApps/apis/shared_teams","tier":"NotSpecified"}},"flowFailureAlertSubscribed":false}}